incident_id,timestamp,unit,device,description,category,severity,status,affected_service,root_cause,resolution,resolution_time_minutes,root_cause_category,pattern
HIST-0001,2026-02-01 14:03:00,Semua Unit,,Server SIMRS mengalami response lambat di semua unit.,server,high,closed,SIMRS,Job export laporan menghabiskan CPU SIMRS-APP-01,Tambah worker aplikasi dan aktifkan rate limit,46,server,server_overload
HIST-0002,2026-02-01 17:14:00,Semua Unit,,"Semua unit tidak bisa menyimpan transaksi di SIMRS, muncul error 500.",database,critical,closed,DATABASE,Connection pool SIMRS-DB-01 penuh (max_connections tercapai),Bersihkan session idle dan set idle timeout,75,database,db_connection
HIST-0003,2026-02-03 16:36:00,Semua Unit,,"Layanan SIMRS berhenti, tidak ada respons dari server aplikasi.",application,high,resolved,SIMRS,Proses SIMRS berhenti akibat out-of-memory,Naikkan limit memori service dan aktifkan auto-restart,22,application,service_crash
HIST-0004,2026-02-04 15:06:00,Semua Unit,,SIMRS error database connection timeout di semua unit.,database,critical,resolved,DATABASE,Long-running query menahan lock dan menghabiskan koneksi,"Terminate idle session, naikkan max_connections, tuning pool sesuai SOP-005",112,database,db_connection
HIST-0005,2026-02-05 11:07:00,Semua Unit,,Server SIMRS mengalami response lambat di semua unit.,server,high,resolved,SIMRS,Lonjakan request bersamaan saat jam kunjungan puncak membebani SIMRS-APP-01,Restart proses aplikasi dan naikkan batas memori,35,server,server_overload
HIST-0006,2026-02-05 13:06:00,Semua Unit,,"SIMRS sangat lemot sejak siang, banyak user mengeluh.",server,high,resolved,SIMRS,Job export laporan menghabiskan CPU SIMRS-APP-01,Tambah worker aplikasi dan aktifkan rate limit,77,server,server_overload
HIST-0007,2026-02-07 07:02:00,Rekam Medis,,"Beberapa komputer di Rekam Medis tidak bisa membuka SIMRS, internet umum masih normal.",application,medium,resolved,SIMRS,Access switch SW-REKAMMEDIS mengalami degradasi uplink (SFP mulai rusak),"Reseat kabel uplink, bersihkan port, restart access switch SW-REKAMMEDIS sesuai SOP-003",25,network,access_switch_uplink
HIST-0008,2026-02-07 17:23:00,Farmasi,,"Aplikasi SIMRS Farmasi tidak merespons sejak pagi, ping ke server putus-putus.",application,medium,resolved,SIMRS,Access switch SW-FARMASI mengalami degradasi uplink (SFP mulai rusak),"Ganti SFP dan patch cable uplink SW-FARMASI, verifikasi tidak ada interface error",36,network,access_switch_uplink
HIST-0009,2026-02-09 07:32:00,Poli 2,PC-POLI2-004,"Komputer PC-POLI2-004 tidak bisa membuka SIMRS, komputer lain di unit normal.",hardware,low,resolved,SIMRS,Port access switch SW-POLI2 yang dipakai PC-POLI2-004 rusak,Pindahkan kabel ke port lain pada SW-POLI2,37,hardware,endpoint_issue
HIST-0010,2026-02-09 11:35:00,Semua Unit,,"Response time SIMRS di atas 5 detik, CPU server terlihat tinggi.",server,high,resolved,SIMRS,Memory leak pada proses aplikasi menyebabkan swap berlebihan,"Hentikan job export, jadwalkan ulang di luar jam sibuk, restart service (SOP-006)",110,server,server_overload
HIST-0011,2026-02-09 13:05:00,Poli 2,,"Beberapa komputer di Poli 2 tidak bisa membuka SIMRS, internet umum masih normal.",application,medium,closed,SIMRS,Access switch SW-POLI2 mengalami degradasi uplink (SFP mulai rusak),Ganti kabel uplink SW-POLI2 dan pantau counter interface selama 30 menit,67,network,access_switch_uplink
HIST-0012,2026-02-10 16:08:00,Rekam Medis,,"Aplikasi SIMRS Rekam Medis tidak merespons sejak pagi, ping ke server putus-putus.",application,medium,resolved,SIMRS,Access switch SW-REKAMMEDIS mengalami degradasi uplink (SFP mulai rusak),"Ganti SFP dan patch cable uplink SW-REKAMMEDIS, verifikasi tidak ada interface error",29,network,access_switch_uplink
HIST-0013,2026-02-11 11:33:00,Semua Unit,,SIMRS error database connection timeout di semua unit.,database,critical,resolved,DATABASE,Long-running query menahan lock dan menghabiskan koneksi,Bersihkan session idle dan set idle timeout,92,database,db_connection
HIST-0014,2026-02-13 12:01:00,IGD,PC-IGD-008,Internet komputer PC-IGD-008 terputus tetapi komputer lain normal.,hardware,medium,closed,SIMRS,NIC PC-IGD-008 bermasalah,Pindahkan kabel ke port lain pada SW-IGD,26,hardware,endpoint_issue
HIST-0015,2026-02-15 11:17:00,Semua Unit,,SIMRS error database connection timeout di semua unit.,database,critical,closed,DATABASE,Idle session menumpuk sehingga slot koneksi habis,"Batalkan query bermasalah, restart pool aplikasi, tambah indeks",54,database,db_connection
HIST-0016,2026-02-15 12:37:00,Kasir,PC-KASIR-004,Internet komputer PC-KASIR-004 terputus tetapi komputer lain normal.,hardware,low,closed,SIMRS,Port access switch SW-KASIR yang dipakai PC-KASIR-004 rusak,Ganti NIC / pindahkan ke port cadangan,8,hardware,endpoint_issue
HIST-0017,2026-02-18 18:04:00,Radiologi,PC-RADIOLOGI-001,Internet komputer PC-RADIOLOGI-001 terputus tetapi komputer lain normal.,hardware,low,resolved,SIMRS,Kabel LAN PC-RADIOLOGI-001 rusak,Ganti kabel LAN dan uji konektivitas,13,hardware,endpoint_issue
HIST-0018,2026-02-21 19:52:00,Poli 3,,Login SIMRS ditolak untuk beberapa user di Poli 3.,authentication,medium,resolved,SIMRS,Layanan autentikasi SIMRS menolak kredensial akibat time skew server,Sinkronisasi waktu server dan restart layanan autentikasi (SOP-008),41,authentication,auth_failure
HIST-0019,2026-02-22 12:11:00,Rekam Medis,PC-REKAMMEDIS-004,PC PC-REKAMMEDIS-004 sering disconnect dari jaringan.,hardware,low,resolved,SIMRS,Kabel LAN PC-REKAMMEDIS-004 rusak,Pindahkan kabel ke port lain pada SW-REKAMMEDIS,10,hardware,endpoint_issue
HIST-0020,2026-02-24 16:38:00,Semua Unit,,"SIMRS lambat lalu gagal, log aplikasi menunjukkan connection timeout ke database.",database,critical,closed,DATABASE,Long-running query menahan lock dan menghabiskan koneksi,Bersihkan session idle dan set idle timeout,75,database,db_connection
HIST-0021,2026-02-24 17:25:00,Laboratorium,,"Seluruh komputer Laboratorium tidak dapat mengakses aplikasi, tidak ada koneksi jaringan.",network,high,resolved,SIMRS,Interface uplink SW-LAB down (port fisik mati),Pasang kabel uplink baru dan restore konfigurasi port SW-LAB,102,network,switch_down
HIST-0022,2026-02-24 18:38:00,IGD,,"Laporan lambat sesaat, tidak bisa direproduksi.",unknown,medium,resolved,SIMRS,Penyebab tidak dapat ditentukan (gangguan transien),"Dipantau, tidak ada tindakan; ditutup setelah 24 jam normal",25,unknown,unknown
HIST-0023,2026-02-25 14:07:00,Farmasi,,"Komputer baru di Farmasi tidak bisa akses SIMRS, IP tidak sesuai segmen.",configuration,medium,resolved,SIMRS,Konfigurasi VLAN trunk SW-FARMASI hilang setelah reload,Restore konfigurasi trunk dari backup dan verifikasi VLAN,69,configuration,vlan_config
HIST-0024,2026-02-27 10:02:00,Semua Unit,,"Semua unit tidak bisa menyimpan transaksi di SIMRS, muncul error 500.",database,critical,resolved,DATABASE,Long-running query menahan lock dan menghabiskan koneksi,"Batalkan query bermasalah, restart pool aplikasi, tambah indeks",81,database,db_connection
HIST-0025,2026-02-27 18:12:00,Semua Unit,,Server SIMRS mengalami response lambat di semua unit.,server,high,closed,SIMRS,Job export laporan menghabiskan CPU SIMRS-APP-01,"Hentikan job export, jadwalkan ulang di luar jam sibuk, restart service (SOP-006)",43,server,server_overload
HIST-0026,2026-02-28 10:32:00,Semua Unit,,nslookup simrs.internal gagal SERVFAIL di banyak komputer.,dns,critical,resolved,DNS,DNS-01 kehabisan worker thread akibat lonjakan query,Restart resolver DNS-01 dan tambah worker thread,11,dns,dns_failure
HIST-0027,2026-03-02 15:41:00,IGD,,Login SIMRS ditolak untuk beberapa user di IGD.,authentication,high,resolved,SIMRS,Konfigurasi direktori user tidak sinkron,Sinkronkan direktori user dan verifikasi login,33,authentication,auth_failure
HIST-0028,2026-03-04 15:34:00,Semua Unit,,DNS internal tidak bisa resolve simrs.internal dari semua unit.,dns,critical,resolved,DNS,DNS-01 kehabisan worker thread akibat lonjakan query,Restore zone file dari backup terakhir lalu reload resolver,57,dns,dns_failure
HIST-0029,2026-03-05 08:03:00,Kasir,,"Aplikasi SIMRS Kasir tidak merespons sejak pagi, ping ke server putus-putus.",application,medium,closed,SIMRS,Access switch SW-KASIR mengalami degradasi uplink (SFP mulai rusak),Ganti kabel uplink SW-KASIR dan pantau counter interface selama 30 menit,8,network,access_switch_uplink
HIST-0030,2026-03-05 16:21:00,Poli 2,PC-POLI2-012,"Komputer PC-POLI2-012 tidak bisa membuka SIMRS, komputer lain di unit normal.",hardware,low,closed,SIMRS,Port access switch SW-POLI2 yang dipakai PC-POLI2-012 rusak,Ganti kabel LAN dan uji konektivitas,33,hardware,endpoint_issue
HIST-0031,2026-03-09 19:01:00,Rekam Medis,,"SIMRS tidak dapat diakses dari Rekam Medis, beberapa komputer mengalami packet loss dan koneksi putus-putus.",application,medium,resolved,SIMRS,Patch cable uplink SW-REKAMMEDIS longgar menyebabkan packet loss intermiten,Ganti kabel uplink SW-REKAMMEDIS dan pantau counter interface selama 30 menit,12,network,access_switch_uplink
HIST-0032,2026-03-11 16:44:00,Semua Unit,,"Response time SIMRS di atas 5 detik, CPU server terlihat tinggi.",server,high,resolved,SIMRS,Memory leak pada proses aplikasi menyebabkan swap berlebihan,"Hentikan job export, jadwalkan ulang di luar jam sibuk, restart service (SOP-006)",66,server,server_overload
HIST-0033,2026-03-12 18:59:00,IGD,,"Beberapa komputer di IGD tidak bisa membuka SIMRS, internet umum masih normal.",application,high,resolved,SIMRS,Access switch SW-IGD mengalami degradasi uplink (SFP mulai rusak),"Ganti SFP dan patch cable uplink SW-IGD, verifikasi tidak ada interface error",9,network,access_switch_uplink
HIST-0034,2026-03-13 09:27:00,Rekam Medis,,"Gangguan sesaat pada SIMRS di Rekam Medis, sudah normal sendiri.",unknown,low,resolved,SIMRS,Penyebab tidak dapat ditentukan (gangguan transien),"Dipantau, tidak ada tindakan; ditutup setelah 24 jam normal",39,unknown,unknown
HIST-0035,2026-03-14 16:31:00,IGD,,"SIMRS tidak dapat diakses dari IGD, beberapa komputer mengalami packet loss dan koneksi putus-putus.",application,high,closed,SIMRS,Uplink access switch SW-IGD mengalami CRC error sehingga packet loss tinggi,Ganti kabel uplink SW-IGD dan pantau counter interface selama 30 menit,8,network,access_switch_uplink
HIST-0036,2026-03-16 09:51:00,Semua Unit,,SIMRS error database connection timeout di semua unit.,database,critical,closed,DATABASE,Connection pool SIMRS-DB-01 penuh (max_connections tercapai),"Terminate idle session, naikkan max_connections, tuning pool sesuai SOP-005",15,database,db_connection
HIST-0037,2026-03-18 07:23:00,Semua Unit,,"Response time SIMRS di atas 5 detik, CPU server terlihat tinggi.",server,high,resolved,SIMRS,Memory leak pada proses aplikasi menyebabkan swap berlebihan,Tambah worker aplikasi dan aktifkan rate limit,9,server,server_overload
HIST-0038,2026-03-19 15:13:00,Semua Unit,,DNS internal tidak bisa resolve simrs.internal dari semua unit.,dns,critical,closed,DNS,Zone file simrs.internal korup setelah perubahan record,Restart layanan DNS setelah validasi zone file (SOP-002),54,dns,dns_failure
HIST-0039,2026-03-21 16:46:00,Semua Unit,,"SIMRS sangat lemot sejak siang, banyak user mengeluh.",server,high,resolved,SIMRS,Lonjakan request bersamaan saat jam kunjungan puncak membebani SIMRS-APP-01,"Hentikan job export, jadwalkan ulang di luar jam sibuk, restart service (SOP-006)",50,server,server_overload
HIST-0040,2026-03-22 12:43:00,Semua Unit,,"SIMRS lambat lalu gagal, log aplikasi menunjukkan connection timeout ke database.",database,critical,resolved,DATABASE,Idle session menumpuk sehingga slot koneksi habis,"Batalkan query bermasalah, restart pool aplikasi, tambah indeks",94,database,db_connection
HIST-0041,2026-03-23 15:09:00,Laboratorium,PC-LAB-006,"Komputer PC-LAB-006 tidak bisa membuka SIMRS, komputer lain di unit normal.",hardware,low,resolved,SIMRS,Port access switch SW-LAB yang dipakai PC-LAB-006 rusak,Ganti kabel LAN dan uji konektivitas,15,hardware,endpoint_issue
HIST-0042,2026-03-24 10:07:00,Poli 2,,"Laporan lambat sesaat, tidak bisa direproduksi.",unknown,low,resolved,SIMRS,Penyebab tidak dapat ditentukan (gangguan transien),"Dipantau, tidak ada tindakan; ditutup setelah 24 jam normal",55,unknown,unknown
HIST-0043,2026-03-24 13:58:00,Farmasi,,"User Farmasi tidak dapat login ke SIMRS, muncul pesan autentikasi gagal.",authentication,medium,resolved,SIMRS,Akun layanan autentikasi kedaluwarsa,Sinkronisasi waktu server dan restart layanan autentikasi (SOP-008),25,authentication,auth_failure
HIST-0044,2026-03-26 09:36:00,Semua Unit,,"Semua unit tidak bisa menyimpan transaksi di SIMRS, muncul error 500.",database,critical,resolved,DATABASE,Idle session menumpuk sehingga slot koneksi habis,"Batalkan query bermasalah, restart pool aplikasi, tambah indeks",51,database,db_connection
HIST-0045,2026-03-26 13:18:00,Kasir,,Login SIMRS ditolak untuk beberapa user di Kasir.,authentication,medium,resolved,SIMRS,Konfigurasi direktori user tidak sinkron,Sinkronisasi waktu server dan restart layanan autentikasi (SOP-008),8,authentication,auth_failure
HIST-0046,2026-03-26 18:05:00,Semua Unit,,"Aplikasi SIMRS crash berulang, user harus login ulang.",application,high,resolved,SIMRS,Deployment terakhir menyebabkan service crash loop,Rollback versi aplikasi ke rilis sebelumnya,33,application,service_crash
HIST-0047,2026-03-28 08:54:00,Laboratorium,,Login SIMRS ditolak untuk beberapa user di Laboratorium.,authentication,medium,resolved,SIMRS,Akun layanan autentikasi kedaluwarsa,Sinkronkan direktori user dan verifikasi login,28,authentication,auth_failure
HIST-0048,2026-03-29 16:30:00,Semua Unit,,"Response time SIMRS di atas 5 detik, CPU server terlihat tinggi.",server,high,closed,SIMRS,Memory leak pada proses aplikasi menyebabkan swap berlebihan,Restart proses aplikasi dan naikkan batas memori,54,server,server_overload
HIST-0049,2026-03-31 08:22:00,Semua Unit,,DNS internal tidak bisa resolve simrs.internal dari semua unit.,dns,critical,resolved,DNS,Zone file simrs.internal korup setelah perubahan record,Restart layanan DNS setelah validasi zone file (SOP-002),62,dns,dns_failure
HIST-0050,2026-03-31 19:56:00,Farmasi,,"SIMRS tidak dapat diakses dari Farmasi, beberapa komputer mengalami packet loss dan koneksi putus-putus.",application,medium,closed,SIMRS,Access switch SW-FARMASI mengalami degradasi uplink (SFP mulai rusak),Ganti kabel uplink SW-FARMASI dan pantau counter interface selama 30 menit,50,network,access_switch_uplink
HIST-0051,2026-04-03 17:08:00,Semua Unit,,SIMRS error database connection timeout di semua unit.,database,critical,resolved,DATABASE,Connection pool SIMRS-DB-01 penuh (max_connections tercapai),"Terminate idle session, naikkan max_connections, tuning pool sesuai SOP-005",86,database,db_connection
HIST-0052,2026-04-04 17:50:00,IGD,,"Seluruh komputer IGD tidak dapat mengakses aplikasi, tidak ada koneksi jaringan.",network,high,closed,SIMRS,Uplink SW-IGD flapping lalu down akibat kabel putus,Ganti kabel/transceiver uplink SW-IGD dan aktifkan kembali port sesuai SOP-007,55,network,switch_down
HIST-0053,2026-04-05 17:08:00,Radiologi,,Radiologi offline: semua PC tidak bisa konek ke SIMRS maupun internet.,network,high,resolved,SIMRS,Access switch SW-RADIOLOGI mati karena power adaptor rusak,Pasang kabel uplink baru dan restore konfigurasi port SW-RADIOLOGI,43,network,switch_down
HIST-0054,2026-04-08 14:01:00,Poli 2,,"Aplikasi SIMRS Poli 2 tidak merespons sejak pagi, ping ke server putus-putus.",application,medium,resolved,SIMRS,Uplink access switch SW-POLI2 mengalami CRC error sehingga packet loss tinggi,"Ganti SFP dan patch cable uplink SW-POLI2, verifikasi tidak ada interface error",44,network,access_switch_uplink
HIST-0055,2026-04-10 10:05:00,Semua Unit,,DNS internal tidak bisa resolve simrs.internal dari semua unit.,dns,critical,resolved,DNS,Proses resolver pada DNS-01 hang dan tidak merespons query,Restart resolver DNS-01 dan tambah worker thread,57,dns,dns_failure
HIST-0056,2026-04-11 11:45:00,Farmasi,,"SIMRS tidak dapat diakses dari Farmasi, beberapa komputer mengalami packet loss dan koneksi putus-putus.",application,medium,closed,SIMRS,Access switch SW-FARMASI mengalami degradasi uplink (SFP mulai rusak),"Ganti SFP dan patch cable uplink SW-FARMASI, verifikasi tidak ada interface error",32,network,access_switch_uplink
HIST-0057,2026-04-11 19:04:00,IGD,,"SIMRS tidak dapat diakses dari IGD, beberapa komputer mengalami packet loss dan koneksi putus-putus.",application,high,resolved,SIMRS,Access switch SW-IGD mengalami degradasi uplink (SFP mulai rusak),"Reseat kabel uplink, bersihkan port, restart access switch SW-IGD sesuai SOP-003",47,network,access_switch_uplink
HIST-0058,2026-04-12 09:18:00,Semua Unit,,"Aplikasi SIMRS tidak bisa dibuka dengan nama, tetapi bisa lewat alamat IP.",dns,critical,resolved,DNS,Zone file simrs.internal korup setelah perubahan record,Restore zone file dari backup terakhir lalu reload resolver,44,dns,dns_failure
HIST-0059,2026-04-12 10:16:00,Kasir,,"User Kasir tidak dapat login ke SIMRS, muncul pesan autentikasi gagal.",authentication,medium,closed,SIMRS,Akun layanan autentikasi kedaluwarsa,Sinkronisasi waktu server dan restart layanan autentikasi (SOP-008),24,authentication,auth_failure
HIST-0060,2026-04-12 12:38:00,Kasir,,"SIMRS di Kasir sangat lambat lalu timeout, komputer unit lain normal.",application,medium,closed,SIMRS,Uplink access switch SW-KASIR mengalami CRC error sehingga packet loss tinggi,Ganti kabel uplink SW-KASIR dan pantau counter interface selama 30 menit,40,network,access_switch_uplink
HIST-0061,2026-04-13 13:32:00,Semua Unit,,"Aplikasi SIMRS tidak bisa dibuka dengan nama, tetapi bisa lewat alamat IP.",dns,critical,resolved,DNS,Proses resolver pada DNS-01 hang dan tidak merespons query,Restore zone file dari backup terakhir lalu reload resolver,67,dns,dns_failure
HIST-0062,2026-04-15 19:21:00,Poli 3,,Beberapa PC Poli 3 dapat IP segmen salah setelah pemindahan kabel.,configuration,medium,resolved,SIMRS,Konfigurasi VLAN trunk SW-POLI3 hilang setelah reload,Koreksi VLAN port dan simpan konfigurasi SW-POLI3,39,configuration,vlan_config
HIST-0063,2026-04-16 11:46:00,Poli 1,,"Aplikasi SIMRS Poli 1 tidak merespons sejak pagi, ping ke server putus-putus.",application,medium,closed,SIMRS,Access switch SW-POLI1 mengalami degradasi uplink (SFP mulai rusak),Ganti kabel uplink SW-POLI1 dan pantau counter interface selama 30 menit,25,network,access_switch_uplink
HIST-0064,2026-04-16 17:54:00,Rekam Medis,,"Aplikasi SIMRS Rekam Medis tidak merespons sejak pagi, ping ke server putus-putus.",application,medium,resolved,SIMRS,Uplink access switch SW-REKAMMEDIS mengalami CRC error sehingga packet loss tinggi,Ganti kabel uplink SW-REKAMMEDIS dan pantau counter interface selama 30 menit,51,network,access_switch_uplink
HIST-0065,2026-04-17 08:56:00,Semua Unit,,"SIMRS tidak bisa dibuka dari semua unit, halaman error 502.",application,high,closed,SIMRS,Deployment terakhir menyebabkan service crash loop,Naikkan limit memori service dan aktifkan auto-restart,35,application,service_crash
HIST-0066,2026-04-19 07:46:00,Poli 3,,Shared folder di FILE-01 tidak bisa dibuka dari Poli 3.,service,medium,resolved,FILE SERVER,Disk FILE-01 penuh,Bersihkan disk dan pindahkan arsip lama,28,service,file_service
HIST-0067,2026-04-19 08:41:00,Laboratorium,,"SIMRS di Laboratorium sangat lambat lalu timeout, komputer unit lain normal.",application,medium,resolved,SIMRS,Access switch SW-LAB mengalami degradasi uplink (SFP mulai rusak),"Reseat kabel uplink, bersihkan port, restart access switch SW-LAB sesuai SOP-003",55,network,access_switch_uplink
HIST-0068,2026-04-19 17:50:00,IGD,PC-IGD-003,PC PC-IGD-003 sering disconnect dari jaringan.,hardware,medium,resolved,SIMRS,Kabel LAN PC-IGD-003 rusak,Ganti kabel LAN dan uji konektivitas,32,hardware,endpoint_issue
HIST-0069,2026-04-20 12:04:00,Poli 1,,Poli 1 offline: semua PC tidak bisa konek ke SIMRS maupun internet.,network,high,resolved,SIMRS,Uplink SW-POLI1 flapping lalu down akibat kabel putus,Ganti kabel/transceiver uplink SW-POLI1 dan aktifkan kembali port sesuai SOP-007,97,network,switch_down
HIST-0070,2026-04-20 13:24:00,Semua Unit,,"SIMRS sangat lemot sejak siang, banyak user mengeluh.",server,high,resolved,SIMRS,Lonjakan request bersamaan saat jam kunjungan puncak membebani SIMRS-APP-01,Tambah worker aplikasi dan aktifkan rate limit,8,server,server_overload
HIST-0071,2026-04-21 10:34:00,Farmasi,,"Seluruh komputer Farmasi tidak dapat mengakses aplikasi, tidak ada koneksi jaringan.",network,high,resolved,SIMRS,Access switch SW-FARMASI mati karena power adaptor rusak,Pasang kabel uplink baru dan restore konfigurasi port SW-FARMASI,104,network,switch_down
HIST-0072,2026-04-21 16:03:00,Kasir,,"File server tidak merespons, backup harian gagal.",service,medium,resolved,FILE SERVER,Disk FILE-01 penuh,Restart layanan SMB dan verifikasi akses share,31,service,file_service
HIST-0073,2026-04-22 16:00:00,Poli 3,,SIMRS tidak bisa login tetapi internet normal.,authentication,medium,resolved,SIMRS,Konfigurasi direktori user tidak sinkron,Perpanjang akun layanan dan reset cache token,58,authentication,auth_failure
HIST-0074,2026-04-23 19:26:00,Semua Unit,,"Semua unit tidak bisa menyimpan transaksi di SIMRS, muncul error 500.",database,critical,resolved,DATABASE,Idle session menumpuk sehingga slot koneksi habis,"Terminate idle session, naikkan max_connections, tuning pool sesuai SOP-005",44,database,db_connection
HIST-0075,2026-04-24 15:22:00,Poli 1,PC-POLI1-006,Internet komputer PC-POLI1-006 terputus tetapi komputer lain normal.,hardware,low,closed,SIMRS,Kabel LAN PC-POLI1-006 rusak,Pindahkan kabel ke port lain pada SW-POLI1,28,hardware,endpoint_issue
HIST-0076,2026-04-24 16:51:00,Farmasi,,"File server tidak merespons, backup harian gagal.",service,medium,resolved,FILE SERVER,Layanan SMB pada FILE-01 hang,Restart layanan SMB dan verifikasi akses share,23,service,file_service
HIST-0077,2026-04-26 13:43:00,Semua Unit,,SIMRS error database connection timeout di semua unit.,database,critical,closed,DATABASE,Idle session menumpuk sehingga slot koneksi habis,"Batalkan query bermasalah, restart pool aplikasi, tambah indeks",24,database,db_connection
HIST-0078,2026-04-28 08:45:00,Semua Unit,,"Layanan SIMRS berhenti, tidak ada respons dari server aplikasi.",application,high,resolved,SIMRS,Service SIMRS-APP-01 berhenti setelah update paket,Naikkan limit memori service dan aktifkan auto-restart,40,application,service_crash
HIST-0079,2026-04-30 12:11:00,Laboratorium,PC-LAB-008,"Komputer PC-LAB-008 tidak bisa membuka SIMRS, komputer lain di unit normal.",hardware,low,closed,SIMRS,Kabel LAN PC-LAB-008 rusak,Ganti NIC / pindahkan ke port cadangan,8,hardware,endpoint_issue
HIST-0080,2026-05-01 12:04:00,Rekam Medis,,Beberapa komputer di Rekam Medis tidak dapat terhubung ke jaringan sama sekali.,network,high,resolved,SIMRS,Uplink SW-REKAMMEDIS flapping lalu down akibat kabel putus,Pasang kabel uplink baru dan restore konfigurasi port SW-REKAMMEDIS,71,network,switch_down
HIST-0081,2026-05-01 16:25:00,Poli 1,,"Beberapa komputer di Poli 1 tidak bisa membuka SIMRS, internet umum masih normal.",application,medium,resolved,SIMRS,Patch cable uplink SW-POLI1 longgar menyebabkan packet loss intermiten,"Reseat kabel uplink, bersihkan port, restart access switch SW-POLI1 sesuai SOP-003",52,network,access_switch_uplink
HIST-0082,2026-05-01 18:28:00,Semua Unit,,"Layanan SIMRS berhenti, tidak ada respons dari server aplikasi.",application,high,closed,SIMRS,Service SIMRS-APP-01 berhenti setelah update paket,Naikkan limit memori service dan aktifkan auto-restart,19,application,service_crash
HIST-0083,2026-05-03 07:02:00,Semua Unit,,"SIMRS tidak bisa dibuka dari semua unit, halaman error 502.",application,high,closed,SIMRS,Service SIMRS-APP-01 berhenti setelah update paket,Rollback versi aplikasi ke rilis sebelumnya,22,application,service_crash
HIST-0084,2026-05-03 09:14:00,Poli 1,,"SIMRS di Poli 1 sangat lambat lalu timeout, komputer unit lain normal.",application,medium,closed,SIMRS,Patch cable uplink SW-POLI1 longgar menyebabkan packet loss intermiten,Ganti kabel uplink SW-POLI1 dan pantau counter interface selama 30 menit,8,network,access_switch_uplink
HIST-0085,2026-05-06 14:43:00,Kasir,,"Laporan lambat sesaat, tidak bisa direproduksi.",unknown,low,resolved,SIMRS,Penyebab tidak dapat ditentukan (gangguan transien),"Dipantau, tidak ada tindakan; ditutup setelah 24 jam normal",40,unknown,unknown
HIST-0086,2026-05-06 16:25:00,Semua Unit,,DNS internal tidak bisa resolve simrs.internal dari semua unit.,dns,critical,closed,DNS,Proses resolver pada DNS-01 hang dan tidak merespons query,Restart resolver DNS-01 dan tambah worker thread,22,dns,dns_failure
HIST-0087,2026-05-06 17:27:00,Poli 1,,"User Poli 1 tidak dapat login ke SIMRS, muncul pesan autentikasi gagal.",authentication,medium,resolved,SIMRS,Akun layanan autentikasi kedaluwarsa,Sinkronisasi waktu server dan restart layanan autentikasi (SOP-008),26,authentication,auth_failure
HIST-0088,2026-05-09 13:05:00,Farmasi,,"SIMRS di Farmasi sangat lambat lalu timeout, komputer unit lain normal.",application,medium,closed,SIMRS,Access switch SW-FARMASI mengalami degradasi uplink (SFP mulai rusak),"Reseat kabel uplink, bersihkan port, restart access switch SW-FARMASI sesuai SOP-003",73,network,access_switch_uplink
HIST-0089,2026-05-09 14:38:00,Semua Unit,,Server SIMRS mengalami response lambat di semua unit.,server,high,closed,SIMRS,Job export laporan menghabiskan CPU SIMRS-APP-01,Restart proses aplikasi dan naikkan batas memori,27,server,server_overload
HIST-0090,2026-05-12 08:22:00,Laboratorium,,"Setelah maintenance, komputer Laboratorium tidak bisa konek ke server.",configuration,medium,resolved,SIMRS,Konfigurasi VLAN trunk SW-LAB hilang setelah reload,Restore konfigurasi trunk dari backup dan verifikasi VLAN,24,configuration,vlan_config
HIST-0091,2026-05-12 15:46:00,Semua Unit,,"SIMRS sangat lemot sejak siang, banyak user mengeluh.",server,high,resolved,SIMRS,Job export laporan menghabiskan CPU SIMRS-APP-01,Tambah worker aplikasi dan aktifkan rate limit,41,server,server_overload
HIST-0092,2026-05-12 16:25:00,Rekam Medis,,"User Rekam Medis tidak dapat login ke SIMRS, muncul pesan autentikasi gagal.",authentication,medium,resolved,SIMRS,Konfigurasi direktori user tidak sinkron,Sinkronisasi waktu server dan restart layanan autentikasi (SOP-008),9,authentication,auth_failure
HIST-0093,2026-05-13 08:55:00,Semua Unit,,SIMRS error database connection timeout di semua unit.,database,critical,resolved,DATABASE,Idle session menumpuk sehingga slot koneksi habis,"Terminate idle session, naikkan max_connections, tuning pool sesuai SOP-005",88,database,db_connection
HIST-0094,2026-05-14 14:16:00,Semua Unit,,"SIMRS sangat lemot sejak siang, banyak user mengeluh.",server,high,resolved,SIMRS,Lonjakan request bersamaan saat jam kunjungan puncak membebani SIMRS-APP-01,"Hentikan job export, jadwalkan ulang di luar jam sibuk, restart service (SOP-006)",8,server,server_overload
HIST-0095,2026-05-15 08:19:00,Rekam Medis,,"Seluruh komputer Rekam Medis tidak dapat mengakses aplikasi, tidak ada koneksi jaringan.",network,high,closed,SIMRS,Access switch SW-REKAMMEDIS mati karena power adaptor rusak,Ganti kabel/transceiver uplink SW-REKAMMEDIS dan aktifkan kembali port sesuai SOP-007,50,network,switch_down
HIST-0096,2026-05-16 13:13:00,Semua Unit,,"Layanan SIMRS berhenti, tidak ada respons dari server aplikasi.",application,high,resolved,SIMRS,Deployment terakhir menyebabkan service crash loop,Restart service SIMRS dan verifikasi health endpoint (SOP-001),35,application,service_crash
HIST-0097,2026-05-19 07:24:00,Farmasi,,"Laporan lambat sesaat, tidak bisa direproduksi.",unknown,low,resolved,SIMRS,Penyebab tidak dapat ditentukan (gangguan transien),"Dipantau, tidak ada tindakan; ditutup setelah 24 jam normal",65,unknown,unknown
HIST-0098,2026-05-19 19:51:00,Semua Unit,,"SIMRS sangat lemot sejak siang, banyak user mengeluh.",server,high,resolved,SIMRS,Memory leak pada proses aplikasi menyebabkan swap berlebihan,Restart proses aplikasi dan naikkan batas memori,72,server,server_overload
HIST-0099,2026-05-20 14:56:00,Semua Unit,,SIMRS error database connection timeout di semua unit.,database,critical,closed,DATABASE,Long-running query menahan lock dan menghabiskan koneksi,"Batalkan query bermasalah, restart pool aplikasi, tambah indeks",77,database,db_connection
HIST-0100,2026-05-22 09:32:00,Semua Unit,,"Aplikasi SIMRS crash berulang, user harus login ulang.",application,high,closed,SIMRS,Proses SIMRS berhenti akibat out-of-memory,Restart service SIMRS dan verifikasi health endpoint (SOP-001),39,application,service_crash
HIST-0101,2026-05-22 18:32:00,Laboratorium,,"Gangguan sesaat pada SIMRS di Laboratorium, sudah normal sendiri.",unknown,low,closed,SIMRS,Penyebab tidak dapat ditentukan (gangguan transien),"Dipantau, tidak ada tindakan; ditutup setelah 24 jam normal",26,unknown,unknown
HIST-0102,2026-05-23 10:51:00,Poli 2,,"Aplikasi SIMRS Poli 2 tidak merespons sejak pagi, ping ke server putus-putus.",application,medium,resolved,SIMRS,Uplink access switch SW-POLI2 mengalami CRC error sehingga packet loss tinggi,"Ganti SFP dan patch cable uplink SW-POLI2, verifikasi tidak ada interface error",9,network,access_switch_uplink
HIST-0103,2026-05-24 12:07:00,Radiologi,,"SIMRS tidak dapat diakses dari Radiologi, beberapa komputer mengalami packet loss dan koneksi putus-putus.",application,medium,resolved,SIMRS,Uplink access switch SW-RADIOLOGI mengalami CRC error sehingga packet loss tinggi,"Ganti SFP dan patch cable uplink SW-RADIOLOGI, verifikasi tidak ada interface error",52,network,access_switch_uplink
HIST-0104,2026-05-26 12:16:00,Semua Unit,,"Semua unit tidak bisa menyimpan transaksi di SIMRS, muncul error 500.",database,critical,resolved,DATABASE,Idle session menumpuk sehingga slot koneksi habis,"Terminate idle session, naikkan max_connections, tuning pool sesuai SOP-005",66,database,db_connection
HIST-0105,2026-05-26 12:48:00,Semua Unit,,"Layanan SIMRS berhenti, tidak ada respons dari server aplikasi.",application,high,closed,SIMRS,Proses SIMRS berhenti akibat out-of-memory,Rollback versi aplikasi ke rilis sebelumnya,9,application,service_crash
HIST-0106,2026-05-29 17:49:00,Rekam Medis,,"SIMRS di Rekam Medis sangat lambat lalu timeout, komputer unit lain normal.",application,medium,closed,SIMRS,Patch cable uplink SW-REKAMMEDIS longgar menyebabkan packet loss intermiten,"Ganti SFP dan patch cable uplink SW-REKAMMEDIS, verifikasi tidak ada interface error",26,network,access_switch_uplink
HIST-0107,2026-06-03 08:08:00,Laboratorium,,"File server tidak merespons, backup harian gagal.",service,medium,resolved,FILE SERVER,Layanan SMB pada FILE-01 hang,Bersihkan disk dan pindahkan arsip lama,33,service,file_service
HIST-0108,2026-06-03 12:03:00,Semua Unit,,"SIMRS tidak bisa dibuka dari semua unit, halaman error 502.",application,high,resolved,SIMRS,Proses SIMRS berhenti akibat out-of-memory,Restart service SIMRS dan verifikasi health endpoint (SOP-001),18,application,service_crash
HIST-0109,2026-06-04 08:41:00,Poli 1,,"File server tidak merespons, backup harian gagal.",service,medium,resolved,FILE SERVER,Layanan SMB pada FILE-01 hang,Bersihkan disk dan pindahkan arsip lama,8,service,file_service
HIST-0110,2026-06-07 09:08:00,Poli 2,,SIMRS tidak bisa login tetapi internet normal.,authentication,medium,closed,SIMRS,Konfigurasi direktori user tidak sinkron,Perpanjang akun layanan dan reset cache token,15,authentication,auth_failure
HIST-0111,2026-06-07 19:48:00,IGD,,"SIMRS tidak dapat diakses dari IGD, beberapa komputer mengalami packet loss dan koneksi putus-putus.",application,high,closed,SIMRS,Patch cable uplink SW-IGD longgar menyebabkan packet loss intermiten,"Reseat kabel uplink, bersihkan port, restart access switch SW-IGD sesuai SOP-003",18,network,access_switch_uplink
HIST-0112,2026-06-08 08:18:00,Rekam Medis,PC-REKAMMEDIS-002,"Komputer PC-REKAMMEDIS-002 tidak bisa membuka SIMRS, komputer lain di unit normal.",hardware,low,resolved,SIMRS,NIC PC-REKAMMEDIS-002 bermasalah,Ganti NIC / pindahkan ke port cadangan,17,hardware,endpoint_issue
HIST-0113,2026-06-08 17:08:00,Poli 3,,"SIMRS tidak dapat diakses dari Poli 3, beberapa komputer mengalami packet loss dan koneksi putus-putus.",application,medium,closed,SIMRS,Uplink access switch SW-POLI3 mengalami CRC error sehingga packet loss tinggi,"Reseat kabel uplink, bersihkan port, restart access switch SW-POLI3 sesuai SOP-003",8,network,access_switch_uplink
HIST-0114,2026-06-09 18:49:00,Semua Unit,,DNS internal tidak bisa resolve simrs.internal dari semua unit.,dns,critical,resolved,DNS,Zone file simrs.internal korup setelah perubahan record,Restart layanan DNS setelah validasi zone file (SOP-002),60,dns,dns_failure
HIST-0115,2026-06-14 10:28:00,Radiologi,PC-RADIOLOGI-005,PC PC-RADIOLOGI-005 sering disconnect dari jaringan.,hardware,low,closed,SIMRS,Kabel LAN PC-RADIOLOGI-005 rusak,Ganti NIC / pindahkan ke port cadangan,12,hardware,endpoint_issue
HIST-0116,2026-06-14 14:38:00,Semua Unit,,"Response time SIMRS di atas 5 detik, CPU server terlihat tinggi.",server,high,resolved,SIMRS,Memory leak pada proses aplikasi menyebabkan swap berlebihan,"Hentikan job export, jadwalkan ulang di luar jam sibuk, restart service (SOP-006)",48,server,server_overload
HIST-0117,2026-06-16 07:41:00,Kasir,,"SIMRS tidak dapat diakses dari Kasir, beberapa komputer mengalami packet loss dan koneksi putus-putus.",application,medium,resolved,SIMRS,Patch cable uplink SW-KASIR longgar menyebabkan packet loss intermiten,"Reseat kabel uplink, bersihkan port, restart access switch SW-KASIR sesuai SOP-003",69,network,access_switch_uplink
HIST-0118,2026-06-18 08:12:00,Poli 3,,Poli 3 offline: semua PC tidak bisa konek ke SIMRS maupun internet.,network,high,closed,SIMRS,Interface uplink SW-POLI3 down (port fisik mati),Ganti kabel/transceiver uplink SW-POLI3 dan aktifkan kembali port sesuai SOP-007,44,network,switch_down
HIST-0119,2026-06-19 09:32:00,Radiologi,,"SIMRS di Radiologi sangat lambat lalu timeout, komputer unit lain normal.",application,medium,resolved,SIMRS,Access switch SW-RADIOLOGI mengalami degradasi uplink (SFP mulai rusak),"Ganti SFP dan patch cable uplink SW-RADIOLOGI, verifikasi tidak ada interface error",40,network,access_switch_uplink
HIST-0120,2026-06-19 13:15:00,Semua Unit,,"Aplikasi SIMRS tidak bisa dibuka dengan nama, tetapi bisa lewat alamat IP.",dns,critical,closed,DNS,Zone file simrs.internal korup setelah perubahan record,Restore zone file dari backup terakhir lalu reload resolver,43,dns,dns_failure
HIST-0121,2026-06-20 11:07:00,Laboratorium,,"Beberapa komputer di Laboratorium tidak bisa membuka SIMRS, internet umum masih normal.",application,medium,resolved,SIMRS,Access switch SW-LAB mengalami degradasi uplink (SFP mulai rusak),Ganti kabel uplink SW-LAB dan pantau counter interface selama 30 menit,78,network,access_switch_uplink
HIST-0122,2026-06-20 19:58:00,Rekam Medis,,Beberapa PC Rekam Medis dapat IP segmen salah setelah pemindahan kabel.,configuration,medium,resolved,SIMRS,Port SW-REKAMMEDIS berada pada VLAN yang salah setelah patching,Koreksi VLAN port dan simpan konfigurasi SW-REKAMMEDIS,65,configuration,vlan_config
HIST-0123,2026-06-22 12:05:00,Semua Unit,,"Aplikasi SIMRS tidak bisa dibuka dengan nama, tetapi bisa lewat alamat IP.",dns,critical,closed,DNS,Zone file simrs.internal korup setelah perubahan record,Restart resolver DNS-01 dan tambah worker thread,31,dns,dns_failure
HIST-0124,2026-06-23 08:54:00,Radiologi,PC-RADIOLOGI-005,PC PC-RADIOLOGI-005 sering disconnect dari jaringan.,hardware,low,resolved,SIMRS,Port access switch SW-RADIOLOGI yang dipakai PC-RADIOLOGI-005 rusak,Ganti NIC / pindahkan ke port cadangan,8,hardware,endpoint_issue
HIST-0125,2026-06-23 11:17:00,Semua Unit,,DNS internal tidak bisa resolve simrs.internal dari semua unit.,dns,critical,closed,DNS,Proses resolver pada DNS-01 hang dan tidak merespons query,Restart resolver DNS-01 dan tambah worker thread,60,dns,dns_failure
HIST-0126,2026-06-24 11:20:00,Kasir,,Beberapa komputer di Kasir tidak dapat terhubung ke jaringan sama sekali.,network,high,resolved,SIMRS,Access switch SW-KASIR mati karena power adaptor rusak,Ganti kabel/transceiver uplink SW-KASIR dan aktifkan kembali port sesuai SOP-007,91,network,switch_down
HIST-0127,2026-06-25 07:30:00,Semua Unit,,"Aplikasi SIMRS crash berulang, user harus login ulang.",application,high,resolved,SIMRS,Proses SIMRS berhenti akibat out-of-memory,Naikkan limit memori service dan aktifkan auto-restart,8,application,service_crash
HIST-0128,2026-06-25 14:25:00,Poli 2,,"Setelah maintenance, komputer Poli 2 tidak bisa konek ke server.",configuration,medium,closed,SIMRS,Konfigurasi VLAN trunk SW-POLI2 hilang setelah reload,Restore konfigurasi trunk dari backup dan verifikasi VLAN,59,configuration,vlan_config
HIST-0129,2026-06-25 18:56:00,Semua Unit,,"Semua unit tidak bisa menyimpan transaksi di SIMRS, muncul error 500.",database,critical,closed,DATABASE,Long-running query menahan lock dan menghabiskan koneksi,Bersihkan session idle dan set idle timeout,52,database,db_connection
HIST-0130,2026-06-26 14:10:00,Semua Unit,,"SIMRS tidak bisa dibuka dari semua unit, halaman error 502.",application,high,closed,SIMRS,Service SIMRS-APP-01 berhenti setelah update paket,Naikkan limit memori service dan aktifkan auto-restart,40,application,service_crash
HIST-0131,2026-06-27 12:26:00,Laboratorium,,Laboratorium offline: semua PC tidak bisa konek ke SIMRS maupun internet.,network,high,resolved,SIMRS,Interface uplink SW-LAB down (port fisik mati),Ganti power adaptor SW-LAB lalu verifikasi konektivitas semua endpoint,8,network,switch_down
HIST-0132,2026-06-28 13:55:00,Poli 2,,"SIMRS di Poli 2 sangat lambat lalu timeout, komputer unit lain normal.",application,medium,resolved,SIMRS,Patch cable uplink SW-POLI2 longgar menyebabkan packet loss intermiten,"Reseat kabel uplink, bersihkan port, restart access switch SW-POLI2 sesuai SOP-003",8,network,access_switch_uplink
HIST-0133,2026-06-30 09:20:00,Semua Unit,,"Layanan SIMRS berhenti, tidak ada respons dari server aplikasi.",application,high,resolved,SIMRS,Service SIMRS-APP-01 berhenti setelah update paket,Restart service SIMRS dan verifikasi health endpoint (SOP-001),30,application,service_crash
HIST-0134,2026-07-01 12:32:00,IGD,,"SIMRS tidak dapat diakses dari IGD, beberapa komputer mengalami packet loss dan koneksi putus-putus.",application,high,resolved,SIMRS,Access switch SW-IGD mengalami degradasi uplink (SFP mulai rusak),"Ganti SFP dan patch cable uplink SW-IGD, verifikasi tidak ada interface error",43,network,access_switch_uplink
HIST-0135,2026-07-02 09:51:00,Rekam Medis,,"Gangguan sesaat pada SIMRS di Rekam Medis, sudah normal sendiri.",unknown,low,closed,SIMRS,Penyebab tidak dapat ditentukan (gangguan transien),"Dipantau, tidak ada tindakan; ditutup setelah 24 jam normal",52,unknown,unknown
HIST-0136,2026-07-03 10:07:00,Radiologi,,Radiologi offline: semua PC tidak bisa konek ke SIMRS maupun internet.,network,high,resolved,SIMRS,Uplink SW-RADIOLOGI flapping lalu down akibat kabel putus,Ganti kabel/transceiver uplink SW-RADIOLOGI dan aktifkan kembali port sesuai SOP-007,10,network,switch_down
HIST-0137,2026-07-09 12:29:00,Radiologi,,"SIMRS di Radiologi sangat lambat lalu timeout, komputer unit lain normal.",application,medium,resolved,SIMRS,Access switch SW-RADIOLOGI mengalami degradasi uplink (SFP mulai rusak),"Reseat kabel uplink, bersihkan port, restart access switch SW-RADIOLOGI sesuai SOP-003",53,network,access_switch_uplink
HIST-0138,2026-07-10 10:21:00,Semua Unit,,nslookup simrs.internal gagal SERVFAIL di banyak komputer.,dns,critical,resolved,DNS,Zone file simrs.internal korup setelah perubahan record,Restore zone file dari backup terakhir lalu reload resolver,81,dns,dns_failure
HIST-0139,2026-07-11 09:09:00,Poli 2,PC-POLI2-002,PC PC-POLI2-002 sering disconnect dari jaringan.,hardware,low,resolved,SIMRS,Port access switch SW-POLI2 yang dipakai PC-POLI2-002 rusak,Ganti kabel LAN dan uji konektivitas,30,hardware,endpoint_issue
HIST-0140,2026-07-12 12:24:00,Semua Unit,,nslookup simrs.internal gagal SERVFAIL di banyak komputer.,dns,critical,resolved,DNS,Zone file simrs.internal korup setelah perubahan record,Restart resolver DNS-01 dan tambah worker thread,45,dns,dns_failure
HIST-0141,2026-07-13 13:45:00,Kasir,,"Setelah maintenance, komputer Kasir tidak bisa konek ke server.",configuration,medium,resolved,SIMRS,Konfigurasi VLAN trunk SW-KASIR hilang setelah reload,Restore konfigurasi trunk dari backup dan verifikasi VLAN,18,configuration,vlan_config
HIST-0142,2026-07-17 19:28:00,Radiologi,,"Beberapa komputer di Radiologi tidak bisa membuka SIMRS, internet umum masih normal.",application,medium,resolved,SIMRS,Access switch SW-RADIOLOGI mengalami degradasi uplink (SFP mulai rusak),Ganti kabel uplink SW-RADIOLOGI dan pantau counter interface selama 30 menit,67,network,access_switch_uplink
HIST-0143,2026-07-17 19:46:00,Semua Unit,,"SIMRS sangat lemot sejak siang, banyak user mengeluh.",server,high,resolved,SIMRS,Lonjakan request bersamaan saat jam kunjungan puncak membebani SIMRS-APP-01,"Hentikan job export, jadwalkan ulang di luar jam sibuk, restart service (SOP-006)",78,server,server_overload
HIST-0144,2026-07-18 17:49:00,Radiologi,,"Komputer baru di Radiologi tidak bisa akses SIMRS, IP tidak sesuai segmen.",configuration,medium,resolved,SIMRS,Port SW-RADIOLOGI berada pada VLAN yang salah setelah patching,Restore konfigurasi trunk dari backup dan verifikasi VLAN,54,configuration,vlan_config
HIST-0145,2026-07-19 11:18:00,Radiologi,,"Beberapa komputer di Radiologi tidak bisa membuka SIMRS, internet umum masih normal.",application,medium,resolved,SIMRS,Access switch SW-RADIOLOGI mengalami degradasi uplink (SFP mulai rusak),Ganti kabel uplink SW-RADIOLOGI dan pantau counter interface selama 30 menit,37,network,access_switch_uplink
HIST-0146,2026-07-20 07:40:00,Radiologi,,"Laporan lambat sesaat, tidak bisa direproduksi.",unknown,low,resolved,SIMRS,Penyebab tidak dapat ditentukan (gangguan transien),"Dipantau, tidak ada tindakan; ditutup setelah 24 jam normal",56,unknown,unknown
HIST-0147,2026-07-20 12:39:00,Poli 1,,"Beberapa komputer di Poli 1 tidak bisa membuka SIMRS, internet umum masih normal.",application,medium,resolved,SIMRS,Patch cable uplink SW-POLI1 longgar menyebabkan packet loss intermiten,"Reseat kabel uplink, bersihkan port, restart access switch SW-POLI1 sesuai SOP-003",58,network,access_switch_uplink
HIST-0148,2026-07-20 12:52:00,IGD,PC-IGD-005,"Komputer PC-IGD-005 tidak bisa membuka SIMRS, komputer lain di unit normal.",hardware,medium,closed,SIMRS,NIC PC-IGD-005 bermasalah,Pindahkan kabel ke port lain pada SW-IGD,16,hardware,endpoint_issue
HIST-0149,2026-07-21 13:54:00,IGD,,"SIMRS di IGD sangat lambat lalu timeout, komputer unit lain normal.",application,high,resolved,SIMRS,Patch cable uplink SW-IGD longgar menyebabkan packet loss intermiten,"Ganti SFP dan patch cable uplink SW-IGD, verifikasi tidak ada interface error",26,network,access_switch_uplink
HIST-0150,2026-07-22 15:17:00,Poli 1,,"SIMRS di Poli 1 sangat lambat lalu timeout, komputer unit lain normal.",application,medium,closed,SIMRS,Uplink access switch SW-POLI1 mengalami CRC error sehingga packet loss tinggi,"Ganti SFP dan patch cable uplink SW-POLI1, verifikasi tidak ada interface error",18,network,access_switch_uplink
HIST-0151,2026-07-22 18:37:00,Poli 3,,"Seluruh komputer Poli 3 tidak dapat mengakses aplikasi, tidak ada koneksi jaringan.",network,high,closed,SIMRS,Uplink SW-POLI3 flapping lalu down akibat kabel putus,Pasang kabel uplink baru dan restore konfigurasi port SW-POLI3,35,network,switch_down
HIST-0152,2026-07-24 10:21:00,Poli 1,,Beberapa PC Poli 1 dapat IP segmen salah setelah pemindahan kabel.,configuration,medium,resolved,SIMRS,Port SW-POLI1 berada pada VLAN yang salah setelah patching,Restore konfigurasi trunk dari backup dan verifikasi VLAN,39,configuration,vlan_config
HIST-0153,2026-07-25 18:11:00,Poli 2,,"File server tidak merespons, backup harian gagal.",service,medium,resolved,FILE SERVER,Disk FILE-01 penuh,Restart layanan SMB dan verifikasi akses share,44,service,file_service
HIST-0154,2026-07-28 11:22:00,Semua Unit,,"Semua unit tidak bisa menyimpan transaksi di SIMRS, muncul error 500.",database,critical,resolved,DATABASE,Long-running query menahan lock dan menghabiskan koneksi,Bersihkan session idle dan set idle timeout,27,database,db_connection
HIST-0155,2026-07-28 14:49:00,Radiologi,,"Beberapa komputer di Radiologi tidak bisa membuka SIMRS, internet umum masih normal.",application,medium,resolved,SIMRS,Access switch SW-RADIOLOGI mengalami degradasi uplink (SFP mulai rusak),Ganti kabel uplink SW-RADIOLOGI dan pantau counter interface selama 30 menit,70,network,access_switch_uplink
HIST-0156,2026-07-31 13:23:00,Poli 2,,"SIMRS di Poli 2 sangat lambat lalu timeout, komputer unit lain normal.",application,medium,resolved,SIMRS,Patch cable uplink SW-POLI2 longgar menyebabkan packet loss intermiten,"Ganti SFP dan patch cable uplink SW-POLI2, verifikasi tidak ada interface error",50,network,access_switch_uplink
HIST-0157,2026-08-01 17:50:00,Poli 1,,"Komputer baru di Poli 1 tidak bisa akses SIMRS, IP tidak sesuai segmen.",configuration,medium,closed,SIMRS,Port SW-POLI1 berada pada VLAN yang salah setelah patching,Koreksi VLAN port dan simpan konfigurasi SW-POLI1,32,configuration,vlan_config
HIST-0158,2026-08-02 15:42:00,Rekam Medis,PC-REKAMMEDIS-006,PC PC-REKAMMEDIS-006 sering disconnect dari jaringan.,hardware,low,closed,SIMRS,Kabel LAN PC-REKAMMEDIS-006 rusak,Ganti NIC / pindahkan ke port cadangan,27,hardware,endpoint_issue
HIST-0159,2026-08-03 19:29:00,Poli 3,,"Aplikasi SIMRS Poli 3 tidak merespons sejak pagi, ping ke server putus-putus.",application,medium,resolved,SIMRS,Access switch SW-POLI3 mengalami degradasi uplink (SFP mulai rusak),"Reseat kabel uplink, bersihkan port, restart access switch SW-POLI3 sesuai SOP-003",38,network,access_switch_uplink
HIST-0160,2026-08-04 18:24:00,Semua Unit,,"SIMRS lambat lalu gagal, log aplikasi menunjukkan connection timeout ke database.",database,critical,closed,DATABASE,Idle session menumpuk sehingga slot koneksi habis,Bersihkan session idle dan set idle timeout,103,database,db_connection
HIST-0161,2026-08-05 11:05:00,Farmasi,,"SIMRS di Farmasi sangat lambat lalu timeout, komputer unit lain normal.",application,medium,resolved,SIMRS,Patch cable uplink SW-FARMASI longgar menyebabkan packet loss intermiten,Ganti kabel uplink SW-FARMASI dan pantau counter interface selama 30 menit,47,network,access_switch_uplink
HIST-0162,2026-08-05 13:00:00,Radiologi,,"Setelah maintenance, komputer Radiologi tidak bisa konek ke server.",configuration,medium,resolved,SIMRS,Konfigurasi VLAN trunk SW-RADIOLOGI hilang setelah reload,Koreksi VLAN port dan simpan konfigurasi SW-RADIOLOGI,19,configuration,vlan_config
HIST-0163,2026-08-06 16:44:00,Semua Unit,,"Response time SIMRS di atas 5 detik, CPU server terlihat tinggi.",server,high,closed,SIMRS,Lonjakan request bersamaan saat jam kunjungan puncak membebani SIMRS-APP-01,"Hentikan job export, jadwalkan ulang di luar jam sibuk, restart service (SOP-006)",34,server,server_overload
HIST-0164,2026-08-08 11:30:00,IGD,,"File server tidak merespons, backup harian gagal.",service,high,resolved,FILE SERVER,Disk FILE-01 penuh,Restart layanan SMB dan verifikasi akses share,44,service,file_service
HIST-0165,2026-08-13 08:18:00,IGD,,SIMRS tidak bisa login tetapi internet normal.,authentication,high,closed,SIMRS,Layanan autentikasi SIMRS menolak kredensial akibat time skew server,Perpanjang akun layanan dan reset cache token,45,authentication,auth_failure
HIST-0166,2026-08-14 16:52:00,Kasir,,Beberapa komputer di Kasir tidak dapat terhubung ke jaringan sama sekali.,network,high,resolved,SIMRS,Uplink SW-KASIR flapping lalu down akibat kabel putus,Ganti power adaptor SW-KASIR lalu verifikasi konektivitas semua endpoint,61,network,switch_down
HIST-0167,2026-08-16 10:35:00,Semua Unit,,"Aplikasi SIMRS tidak bisa dibuka dengan nama, tetapi bisa lewat alamat IP.",dns,critical,resolved,DNS,Proses resolver pada DNS-01 hang dan tidak merespons query,Restart layanan DNS setelah validasi zone file (SOP-002),31,dns,dns_failure
HIST-0168,2026-08-19 10:05:00,Radiologi,,Login SIMRS ditolak untuk beberapa user di Radiologi.,authentication,medium,closed,SIMRS,Konfigurasi direktori user tidak sinkron,Sinkronkan direktori user dan verifikasi login,8,authentication,auth_failure
HIST-0169,2026-08-21 08:16:00,IGD,,"Setelah maintenance, komputer IGD tidak bisa konek ke server.",configuration,high,resolved,SIMRS,Port SW-IGD berada pada VLAN yang salah setelah patching,Koreksi VLAN port dan simpan konfigurasi SW-IGD,23,configuration,vlan_config
HIST-0170,2026-08-21 10:38:00,Poli 2,,SIMRS tidak bisa login tetapi internet normal.,authentication,medium,closed,SIMRS,Akun layanan autentikasi kedaluwarsa,Sinkronkan direktori user dan verifikasi login,49,authentication,auth_failure
HIST-0171,2026-08-21 12:41:00,Semua Unit,,"Aplikasi SIMRS crash berulang, user harus login ulang.",application,high,closed,SIMRS,Service SIMRS-APP-01 berhenti setelah update paket,Rollback versi aplikasi ke rilis sebelumnya,55,application,service_crash
HIST-0172,2026-08-21 17:44:00,Farmasi,,Login SIMRS ditolak untuk beberapa user di Farmasi.,authentication,medium,resolved,SIMRS,Layanan autentikasi SIMRS menolak kredensial akibat time skew server,Sinkronisasi waktu server dan restart layanan autentikasi (SOP-008),47,authentication,auth_failure
HIST-0173,2026-08-22 07:14:00,Kasir,,Login SIMRS ditolak untuk beberapa user di Kasir.,authentication,medium,resolved,SIMRS,Konfigurasi direktori user tidak sinkron,Sinkronisasi waktu server dan restart layanan autentikasi (SOP-008),44,authentication,auth_failure
HIST-0174,2026-08-27 11:52:00,Radiologi,,"File server tidak merespons, backup harian gagal.",service,medium,closed,FILE SERVER,Disk FILE-01 penuh,Restart layanan SMB dan verifikasi akses share,44,service,file_service
HIST-0175,2026-08-28 12:11:00,Radiologi,,"SIMRS tidak dapat diakses dari Radiologi, beberapa komputer mengalami packet loss dan koneksi putus-putus.",application,medium,resolved,SIMRS,Patch cable uplink SW-RADIOLOGI longgar menyebabkan packet loss intermiten,"Ganti SFP dan patch cable uplink SW-RADIOLOGI, verifikasi tidak ada interface error",29,network,access_switch_uplink
HIST-0176,2026-08-30 09:29:00,Semua Unit,,"SIMRS lambat lalu gagal, log aplikasi menunjukkan connection timeout ke database.",database,critical,closed,DATABASE,Idle session menumpuk sehingga slot koneksi habis,"Terminate idle session, naikkan max_connections, tuning pool sesuai SOP-005",47,database,db_connection
HIST-0177,2026-08-31 11:18:00,Semua Unit,,"Response time SIMRS di atas 5 detik, CPU server terlihat tinggi.",server,high,resolved,SIMRS,Job export laporan menghabiskan CPU SIMRS-APP-01,"Hentikan job export, jadwalkan ulang di luar jam sibuk, restart service (SOP-006)",76,server,server_overload
HIST-0178,2026-09-01 16:43:00,Semua Unit,,nslookup simrs.internal gagal SERVFAIL di banyak komputer.,dns,critical,resolved,DNS,DNS-01 kehabisan worker thread akibat lonjakan query,Restore zone file dari backup terakhir lalu reload resolver,41,dns,dns_failure
HIST-0179,2026-09-03 15:51:00,Semua Unit,,"Aplikasi SIMRS tidak bisa dibuka dengan nama, tetapi bisa lewat alamat IP.",dns,critical,resolved,DNS,DNS-01 kehabisan worker thread akibat lonjakan query,Restart layanan DNS setelah validasi zone file (SOP-002),8,dns,dns_failure
HIST-0180,2026-09-04 11:35:00,Semua Unit,,nslookup simrs.internal gagal SERVFAIL di banyak komputer.,dns,critical,closed,DNS,Proses resolver pada DNS-01 hang dan tidak merespons query,Restart resolver DNS-01 dan tambah worker thread,46,dns,dns_failure
HIST-0181,2026-09-05 07:58:00,Kasir,PC-KASIR-003,PC PC-KASIR-003 sering disconnect dari jaringan.,hardware,low,resolved,SIMRS,Port access switch SW-KASIR yang dipakai PC-KASIR-003 rusak,Ganti kabel LAN dan uji konektivitas,36,hardware,endpoint_issue
HIST-0182,2026-09-06 14:36:00,Semua Unit,,"Response time SIMRS di atas 5 detik, CPU server terlihat tinggi.",server,high,resolved,SIMRS,Memory leak pada proses aplikasi menyebabkan swap berlebihan,Tambah worker aplikasi dan aktifkan rate limit,51,server,server_overload
HIST-0183,2026-09-10 10:14:00,Laboratorium,,"Aplikasi SIMRS Laboratorium tidak merespons sejak pagi, ping ke server putus-putus.",application,medium,resolved,SIMRS,Patch cable uplink SW-LAB longgar menyebabkan packet loss intermiten,"Ganti SFP dan patch cable uplink SW-LAB, verifikasi tidak ada interface error",54,network,access_switch_uplink
HIST-0184,2026-09-10 11:09:00,Semua Unit,,"SIMRS sangat lemot sejak siang, banyak user mengeluh.",server,high,resolved,SIMRS,Job export laporan menghabiskan CPU SIMRS-APP-01,Tambah worker aplikasi dan aktifkan rate limit,64,server,server_overload
HIST-0185,2026-09-10 19:28:00,Rekam Medis,PC-REKAMMEDIS-004,"Komputer PC-REKAMMEDIS-004 tidak bisa membuka SIMRS, komputer lain di unit normal.",hardware,low,resolved,SIMRS,Port access switch SW-REKAMMEDIS yang dipakai PC-REKAMMEDIS-004 rusak,Pindahkan kabel ke port lain pada SW-REKAMMEDIS,19,hardware,endpoint_issue
HIST-0186,2026-09-11 18:12:00,Poli 2,PC-POLI2-008,Internet komputer PC-POLI2-008 terputus tetapi komputer lain normal.,hardware,low,resolved,SIMRS,Kabel LAN PC-POLI2-008 rusak,Pindahkan kabel ke port lain pada SW-POLI2,10,hardware,endpoint_issue
HIST-0187,2026-09-12 13:18:00,Semua Unit,,"Aplikasi SIMRS tidak bisa dibuka dengan nama, tetapi bisa lewat alamat IP.",dns,critical,closed,DNS,Proses resolver pada DNS-01 hang dan tidak merespons query,Restore zone file dari backup terakhir lalu reload resolver,60,dns,dns_failure
HIST-0188,2026-09-12 13:22:00,Semua Unit,,"Aplikasi SIMRS tidak bisa dibuka dengan nama, tetapi bisa lewat alamat IP.",dns,critical,resolved,DNS,Zone file simrs.internal korup setelah perubahan record,Restore zone file dari backup terakhir lalu reload resolver,8,dns,dns_failure
HIST-0189,2026-09-13 10:25:00,Semua Unit,,"SIMRS lambat lalu gagal, log aplikasi menunjukkan connection timeout ke database.",database,critical,resolved,DATABASE,Idle session menumpuk sehingga slot koneksi habis,"Terminate idle session, naikkan max_connections, tuning pool sesuai SOP-005",39,database,db_connection
HIST-0190,2026-09-13 17:14:00,Semua Unit,,"SIMRS tidak bisa dibuka dari semua unit, halaman error 502.",application,high,resolved,SIMRS,Service SIMRS-APP-01 berhenti setelah update paket,Restart service SIMRS dan verifikasi health endpoint (SOP-001),16,application,service_crash
HIST-0191,2026-09-14 12:16:00,Rekam Medis,PC-REKAMMEDIS-004,"Komputer PC-REKAMMEDIS-004 tidak bisa membuka SIMRS, komputer lain di unit normal.",hardware,low,resolved,SIMRS,NIC PC-REKAMMEDIS-004 bermasalah,Pindahkan kabel ke port lain pada SW-REKAMMEDIS,23,hardware,endpoint_issue
HIST-0192,2026-09-14 14:51:00,Semua Unit,,"Semua unit tidak bisa menyimpan transaksi di SIMRS, muncul error 500.",database,critical,closed,DATABASE,Idle session menumpuk sehingga slot koneksi habis,Bersihkan session idle dan set idle timeout,94,database,db_connection
HIST-0193,2026-09-16 07:21:00,Radiologi,,"SIMRS di Radiologi sangat lambat lalu timeout, komputer unit lain normal.",application,medium,resolved,SIMRS,Access switch SW-RADIOLOGI mengalami degradasi uplink (SFP mulai rusak),"Reseat kabel uplink, bersihkan port, restart access switch SW-RADIOLOGI sesuai SOP-003",8,network,access_switch_uplink
HIST-0194,2026-09-16 13:11:00,Farmasi,,Farmasi offline: semua PC tidak bisa konek ke SIMRS maupun internet.,network,high,closed,SIMRS,Uplink SW-FARMASI flapping lalu down akibat kabel putus,Pasang kabel uplink baru dan restore konfigurasi port SW-FARMASI,60,network,switch_down
HIST-0195,2026-09-17 14:58:00,Semua Unit,,"SIMRS lambat lalu gagal, log aplikasi menunjukkan connection timeout ke database.",database,critical,closed,DATABASE,Idle session menumpuk sehingga slot koneksi habis,Bersihkan session idle dan set idle timeout,8,database,db_connection
HIST-0196,2026-09-17 17:07:00,Laboratorium,,"Setelah maintenance, komputer Laboratorium tidak bisa konek ke server.",configuration,medium,resolved,SIMRS,Konfigurasi VLAN trunk SW-LAB hilang setelah reload,Restore konfigurasi trunk dari backup dan verifikasi VLAN,30,configuration,vlan_config
